{"stats":{"minecraft:mined":{"minecraft:spruce_log":1,"minecraft:spruce_leaves":1,"minecraft:small_dripleaf":1},"minecraft:picked_up":{"minecraft:spruce_log":1},"minecraft:custom":{"minecraft:jump":68,"minecraft:time_since_rest":62,"minecraft:leave_game":1,"minecraft:crouch_one_cm":285,"minecraft:deaths":3,"minecraft:sprint_one_cm":3436,"minecraft:play_time":3000,"minecraft:damage_taken":830,"minecraft:time_since_death":0,"minecraft:walk_one_cm":4964,"minecraft:sneak_time":117,"minecraft:total_world_time":3000,"minecraft:fall_one_cm":13565,"minecraft:fly_one_cm":7511},"minecraft:used":{"minecraft:spruce_log":1}},"DataVersion":3465}